schema_name,table_name,column_name,dType,is_not_null,description,is_primary_key,not_null_perc,unique_perc,sample_values,semantic_class
s_grnplm_ld_salesntwrk_pcap_sn_uzp,uzp_data_epk_consolidation,epk_id,bigint,False,Идентификатор ЕПК,True,100.0,100.0,,join_key
s_grnplm_ld_salesntwrk_pcap_sn_uzp,uzp_data_epk_consolidation,epk_create_dttm,timestamp without time zone,False,Дата создания карточки ЕПК,False,100.0,91.08,,date
s_grnplm_ld_salesntwrk_pcap_sn_uzp,uzp_data_epk_consolidation,client_type_id,smallint,False,Идентификатор типа клиента,False,100.0,0.01,2|4|1|10|8|3|9|5|6,join_key
s_grnplm_ld_salesntwrk_pcap_sn_uzp,uzp_data_epk_consolidation,client_type_name,character varying,False,Наименование типа клиента,False,100.0,0.01,"Индивидуальный предприниматель|Холдинг (не являющийся ЮЛ)|Юридическое лицо|Кандидат|Потенциальный клиент|Лица, осуществляющие деятельность, не отнесённую к предпринимательству|ПИФ|Избирательная комиссия / объединение / фонд (не являющиеся ЮЛ)|Территория",enum_like
s_grnplm_ld_salesntwrk_pcap_sn_uzp,uzp_data_epk_consolidation,industry_id,smallint,False,Идентификатор отрасли,False,38.13,0.02,9.0|15.0|10.0|19.0|22.0|7.0|14.0|17.0|5.0|8.0|6.0|20.0|2.0|18.0|3.0|13.0|12.0|1.0|16.0|4.0|23.0|21.0|11.0,join_key
s_grnplm_ld_salesntwrk_pcap_sn_uzp,uzp_data_epk_consolidation,industry_name,character varying,False,Наименование отрасли,False,38.13,0.02,"Торговля|Прочее|Транспорт и логистика|Услуги|Легкая промышленность|Сельское хозяйство|Энергетика и водоснабжение|Здравоохранение, образование|Пищевая промышленность|Строительство|Связь и телекоммуникации|Операции с недвижимым имущ.|Машиностроение|Лесная, деревообр. и ц-б пром.|Металлургическая промышл.|Химическая промышленность|Финансовая деятельность|Органы гос. и мун. управления|Лизинг|Нефтегазовая промышленность|Добыча драг./полудраг. камней|Фармацевтическая отрасль|Угольная промышленность",enum_like
s_grnplm_ld_salesntwrk_pcap_sn_uzp,uzp_data_epk_consolidation,inn,bigint,False,ИНН,False,93.13,93.04,,join_key
s_grnplm_ld_salesntwrk_pcap_sn_uzp,uzp_data_epk_consolidation,kpp,bigint,False,КПП,False,42.27,2.86,,join_key
s_grnplm_ld_salesntwrk_pcap_sn_uzp,uzp_data_epk_consolidation,ogrn,bigint,False,ОГРН,False,92.51,92.4,,join_key
s_grnplm_ld_salesntwrk_pcap_sn_uzp,uzp_data_epk_consolidation,okato,bigint,False,ОКАТО,False,81.15,11.54,,join_key
s_grnplm_ld_salesntwrk_pcap_sn_uzp,uzp_data_epk_consolidation,oktmo,bigint,False,ОКТМО,False,78.32,11.84,,join_key
s_grnplm_ld_salesntwrk_pcap_sn_uzp,uzp_data_epk_consolidation,old_epk_id,character varying,False,История изменений ЕПК,False,7.48,7.48,,join_key
s_grnplm_ld_salesntwrk_pcap_sn_uzp,uzp_data_epk_consolidation,segment_id,smallint,False,Идентификатор сегмента,False,99.84,0.01,2.0|1.0|7.0|12.0|8.0|4.0|5.0|6.0|9.0|3.0,join_key
s_grnplm_ld_salesntwrk_pcap_sn_uzp,uzp_data_epk_consolidation,segment_name,character varying,False,Наименование сегмента,False,99.84,0.01,"Малые|Микро|Клиенты машиностроения|Эмитенты ЦБ, не являющиеся клиентами Банка|Рег. госсектор|Крупные|Крупнейшие|Фин.институты|SBI|Средние",enum_like
s_grnplm_ld_salesntwrk_pcap_sn_uzp,uzp_data_epk_consolidation,priority_id,smallint,False,Идентификатор приоритета,False,34.06,0.01,18.0|7.0|13.0|24.0|22.0|6.0|10.0|2.0|11.0|19.0|5.0|17.0|23.0|16.0,join_key
s_grnplm_ld_salesntwrk_pcap_sn_uzp,uzp_data_epk_consolidation,priority_name,character varying,False,Наименование приоритета,False,34.06,0.01,Нет|Массовый|D|Digital|ЦКР|B|C|A|Ключевой|D2|A2|D1|Ключевой (ЦКР)|C2,enum_like
s_grnplm_ld_salesntwrk_pcap_sn_uzp,uzp_data_epk_consolidation,company_name,character varying,False,Наименование компании,False,100.0,92.47,,free_text
s_grnplm_ld_salesntwrk_pcap_sn_uzp,uzp_data_epk_consolidation,holding_epk_id,bigint,False,Идентификатор ЕПК холдинга,False,7.46,7.24,,join_key
s_grnplm_ld_salesntwrk_pcap_sn_uzp,uzp_data_epk_consolidation,holding_name,character varying,False,Наименование холдинга,False,7.46,7.27,,label
s_grnplm_ld_salesntwrk_pcap_sn_uzp,uzp_data_epk_consolidation,reference_holding_name,character varying,False,Наименование эталонного холдинга,False,7.46,7.27,,label
s_grnplm_ld_salesntwrk_pcap_sn_uzp,uzp_data_epk_consolidation,head_holding_epk_id,bigint,False,Идентификатор ЕПК головного холдинга,False,7.46,7.23,,join_key
s_grnplm_ld_salesntwrk_pcap_sn_uzp,uzp_data_epk_consolidation,head_holding_name,character varying,False,Наименование головного холдинга,False,7.46,7.26,,label
s_grnplm_ld_salesntwrk_pcap_sn_uzp,uzp_data_epk_consolidation,reference_head_holding_name,character varying,False,Наименование эталонного головного холдинга,False,7.46,7.26,,label
s_grnplm_ld_salesntwrk_pcap_sn_uzp,uzp_data_epk_consolidation,is_parent,boolean,False,Признак головной организации,False,100.0,0.0,False|True,flag
s_grnplm_ld_salesntwrk_pcap_sn_uzp,uzp_data_epk_consolidation,is_key_client,boolean,False,Признак ключевого клиента,False,100.0,0.0,False|True,flag
s_grnplm_ld_salesntwrk_pcap_sn_uzp,uzp_data_epk_consolidation,importance_lvl_id,smallint,False,Идентификатор уровня значимости,False,0.0,0.0,,join_key
s_grnplm_ld_salesntwrk_pcap_sn_uzp,uzp_data_epk_consolidation,tb_id,smallint,False,Идентификатор ТБ,False,82.16,0.01,38.0|55.0|44.0|18.0|54.0|42.0|16.0|52.0|40.0|13.0|70.0,join_key
s_grnplm_ld_salesntwrk_pcap_sn_uzp,uzp_data_epk_consolidation,gosb_id,integer,False,Идентификатор ГОСБ,False,82.16,0.09,,join_key
s_grnplm_ld_salesntwrk_pcap_sn_uzp,uzp_data_epk_consolidation,oktmo_gosb_id,integer,False,Идентификатор ГОСБ в соответствии со значением ОКТМО,False,75.75,0.08,,join_key
s_grnplm_ld_salesntwrk_pcap_sn_uzp,uzp_data_epk_consolidation,okato_gosb_id,integer,False,Идентификатор ГОСБ в соответствии со значением ОКАТО,False,77.58,0.09,,join_key
s_grnplm_ld_salesntwrk_pcap_sn_uzp,uzp_data_epk_consolidation,epk_gosb_id,integer,False,Идентификатор ГОСБ из витрины данных ЕПК КБ,False,42.37,0.08,,join_key
s_grnplm_ld_salesntwrk_pcap_sn_uzp,uzp_data_epk_consolidation,payroll_gosb_id,integer,False,Идентификатор ГОСБ по максимальному количеству зачислений,False,0.0,0.0,,join_key
s_grnplm_ld_salesntwrk_pcap_sn_uzp,uzp_data_epk_consolidation,km_gosb_id,integer,False,Идентификатор ГОСБ по значению ГОСБ закрепленного КМ,False,0.0,0.0,,join_key
s_grnplm_ld_salesntwrk_pcap_sn_uzp,uzp_data_epk_consolidation,last_mzp_activity_gosb_id,integer,False,"Идентификатор ГОСБ по значению ГОСБ сотрудника, создавшего последнюю по дате активность по клиенту",False,0.05,0.02,9014.0|8047.0|8625.0|9052.0|9038.0|9053.0|8647.0|8605.0|1024.0|8616.0|8635.0|8598.0|8626.0|8600.0|1023.0|5940.0|9056.0|9055.0|8601.0|8586.0,join_key
s_grnplm_ld_salesntwrk_pcap_sn_uzp,uzp_data_epk_consolidation,last_deal_gosb_id,integer,False,"Идентификатор ГОСБ по сотруднику, создавшему последнюю по дате сделку по клиенту",False,0.27,0.05,,join_key
s_grnplm_ld_salesntwrk_pcap_sn_uzp,uzp_data_epk_consolidation,kpp_gosb_id,integer,False,Идентификатор ГОСБ в соответствии со значением КПП,False,40.9,0.08,,join_key
s_grnplm_ld_salesntwrk_pcap_sn_uzp,uzp_data_epk_consolidation,gosb_method_id,smallint,False,Идентификатор метода для заполнения поля gosb_id,False,100.0,0.01,99|999|0|1|2|4,join_key
s_grnplm_ld_salesntwrk_pcap_sn_uzp,uzp_data_epk_consolidation,status_id,smallint,False,Идентификатор статуса организации,False,92.06,0.01,2.0|1.0|10.0|3.0|11.0|7.0|5.0|4.0,join_key
s_grnplm_ld_salesntwrk_pcap_sn_uzp,uzp_data_epk_consolidation,status_name,character varying,False,Наименование статуса для организации,False,92.06,0.01,Ликвидирована|Активна|Сформирован|На стадии ликвидации|Формируется|Исключён из реестра|Банкротство|Реорганизация,enum_like
s_grnplm_ld_salesntwrk_pcap_sn_uzp,uzp_data_epk_consolidation,is_educational,boolean,False,Признак ВУЗ,False,100.0,0.0,False,flag
s_grnplm_ld_salesntwrk_pcap_sn_uzp,uzp_data_epk_consolidation,is_military,boolean,False,Признак силовой организации,False,100.0,0.0,False,flag
s_grnplm_ld_salesntwrk_pcap_sn_uzp,uzp_data_epk_consolidation,report_id,bigint,False,Идентификатор во внешней системе,False,85.56,85.21,,join_key
s_grnplm_ld_salesntwrk_pcap_sn_uzp,uzp_data_epk_consolidation,modified_dttm,timestamp without time zone,False,Дата и время изменения записи,False,100.0,0.0,2026-07-03 03:01:33.610123,date
s_grnplm_ld_salesntwrk_pcap_sn_uzp,uzp_dwh_sale_funnel_task,report_dt,date,False,Отчетная дата,False,100.0,0.03,,date
s_grnplm_ld_salesntwrk_pcap_sn_uzp,uzp_dwh_sale_funnel_task,tb_id,integer,False,Идентификатор ТБ,False,100.0,0.01,16|70|55|38|52|42|18|40|44|54|13,join_key
s_grnplm_ld_salesntwrk_pcap_sn_uzp,uzp_dwh_sale_funnel_task,tb_name,character varying,False,Наименование ТБ,False,100.0,0.01,Уральский банк|Дальневосточный банк|Северо-Западный банк|Московский банк|Юго-Западный банк|Волго-Вятский банк|Байкальский банк|Среднерусский банк|Сибирский банк|Поволжский банк|Центрально-Черноземный банк,enum_like
s_grnplm_ld_salesntwrk_pcap_sn_uzp,uzp_dwh_sale_funnel_task,gosb_id,integer,False,Идентификатор ГОСБ,False,100.0,0.09,,join_key
s_grnplm_ld_salesntwrk_pcap_sn_uzp,uzp_dwh_sale_funnel_task,gosb_name,character varying,False,Наименование ГОСБ,False,100.0,0.09,,label
s_grnplm_ld_salesntwrk_pcap_sn_uzp,uzp_dwh_sale_funnel_task,saphr_gosb_id,integer,False,"Номер ГОСБ, где работает сотрудник",False,100.0,0.1,,join_key
s_grnplm_ld_salesntwrk_pcap_sn_uzp,uzp_dwh_sale_funnel_task,manager_saphr_id,bigint,False,Табельный номер руководителя,False,96.63,0.35,,join_key
s_grnplm_ld_salesntwrk_pcap_sn_uzp,uzp_dwh_sale_funnel_task,manager_fio,character varying,False,ФИО руководителя,False,96.63,0.35,,label
s_grnplm_ld_salesntwrk_pcap_sn_uzp,uzp_dwh_sale_funnel_task,isu_struct_saphr_id,bigint,False,Табельный номер сотрудника или структура ИСУ,False,100.0,3.67,,join_key
s_grnplm_ld_salesntwrk_pcap_sn_uzp,uzp_dwh_sale_funnel_task,task_struct_saphr_id,bigint,False,Табельный номер или id структуры второго участника задачи,False,0.0,0.0,,join_key
s_grnplm_ld_salesntwrk_pcap_sn_uzp,uzp_dwh_sale_funnel_task,emp_fio,character varying,False,ФИО сотрудника,False,100.0,3.67,,label
s_grnplm_ld_salesntwrk_pcap_sn_uzp,uzp_dwh_sale_funnel_task,emp_post_id,bigint,False,Идентификатор должности сотрудника,False,100.0,0.0,20000951|20002135|20001006|20011181,join_key
s_grnplm_ld_salesntwrk_pcap_sn_uzp,uzp_dwh_sale_funnel_task,emp_post,character varying,False,Должность сотрудника,False,100.0,0.0,Менеджер по продаже зарплатных проектов|Специалист по зарплатным проектам|Менеджер по работе с ключевыми клиентами|Младший менеджер по продаже з/п проектов,enum_like
s_grnplm_ld_salesntwrk_pcap_sn_uzp,uzp_dwh_sale_funnel_task,role_code,character varying,False,Код роли,False,100.0,0.0,МЗП|СЗП|МКК,join_key
s_grnplm_ld_salesntwrk_pcap_sn_uzp,uzp_dwh_sale_funnel_task,src_task_as_code,character varying,False,Код АС источника задачи,False,100.0,0.01,ЦА (УЗП)|МЗП|ЦА (SCRM)|СЗП (B2C)|Руководитель|КМ,join_key
s_grnplm_ld_salesntwrk_pcap_sn_uzp,uzp_dwh_sale_funnel_task,src_task_business,character varying,False,Бизнес источник задачи,False,0.03,0.0,Ключевой клиент,enum_like
s_grnplm_ld_salesntwrk_pcap_sn_uzp,uzp_dwh_sale_funnel_task,inn,bigint,False,ИНН (Идентификационный номер налогоплательщика),False,100.0,90.07,,join_key
s_grnplm_ld_salesntwrk_pcap_sn_uzp,uzp_dwh_sale_funnel_task,company_name,character varying,False,Наименование компании,False,99.99,86.51,,free_text
s_grnplm_ld_salesntwrk_pcap_sn_uzp,uzp_dwh_sale_funnel_task,segment_name,character varying,False,Наименование сегмента,False,100.0,0.01,Средние|Малые|Рег. госсектор|Микро|Крупнейшие|Крупные|Фин.институты|Клиенты машиностроения|SBI,enum_like
s_grnplm_ld_salesntwrk_pcap_sn_uzp,uzp_dwh_sale_funnel_task,escalation_parent_task_code,character varying,False,Код родительской задачи при эскалации,False,0.0,0.0,257172531,join_key
s_grnplm_ld_salesntwrk_pcap_sn_uzp,uzp_dwh_sale_funnel_task,task_category,character varying,False,Категория задачи,False,100.0,0.0,Задача|Предложение,enum_like
s_grnplm_ld_salesntwrk_pcap_sn_uzp,uzp_dwh_sale_funnel_task,task_code,character varying,False,Код задачи,True,100.0,100.0,,join_key
s_grnplm_ld_salesntwrk_pcap_sn_uzp,uzp_dwh_sale_funnel_task,task_create_dt,date,False,Дата создания задачи,False,100.0,0.75,,date
s_grnplm_ld_salesntwrk_pcap_sn_uzp,uzp_dwh_sale_funnel_task,plan_close_task_dttm,timestamp without time zone,False,Плановая дата и время закрытия задачи,False,98.29,19.81,,date
s_grnplm_ld_salesntwrk_pcap_sn_uzp,uzp_dwh_sale_funnel_task,fact_close_task_dttm,timestamp without time zone,False,Фактическая дата и время закрытия задачи,False,76.44,73.77,,date
s_grnplm_ld_salesntwrk_pcap_sn_uzp,uzp_dwh_sale_funnel_task,task_type,character varying,False,Тип задачи,False,99.96,0.02,Отток|Расширение ЗП|Контактная политика|Активация|B2C|Привлечение ЗП|Сервисная задача по Юр.лицу|Сервисная задача по договору|Социальный договор|Бизнес-карта|ДМС. Сбереги здоровье|Расчётно-кассовое обслуживание (РКО)|Премиальная бизнес-карта|СберПрайм|Работа ру-Платформа|Кредитная бизнес-карта,enum_like
s_grnplm_ld_salesntwrk_pcap_sn_uzp,uzp_dwh_sale_funnel_task,task_subtype,character varying,False,Подтип задачи,False,55.69,2.12,,label
s_grnplm_ld_salesntwrk_pcap_sn_uzp,uzp_dwh_sale_funnel_task,last_active_type,character varying,False,Тип последней активности,False,80.73,0.0,Звонок|Встреча,enum_like
s_grnplm_ld_salesntwrk_pcap_sn_uzp,uzp_dwh_sale_funnel_task,last_active_dttm,timestamp without time zone,False,Дата и время последней активности,False,80.62,61.88,,date
s_grnplm_ld_salesntwrk_pcap_sn_uzp,uzp_dwh_sale_funnel_task,last_active_status,character varying,False,Статус последней активности,False,100.0,0.01,Исполнена|Закрыто|Просрочена|Просрочено|Отменена сотрудником|В работе|Запланирована|Новая|Новое,enum_like
s_grnplm_ld_salesntwrk_pcap_sn_uzp,uzp_dwh_sale_funnel_task,campaign_code,character varying,False,Код кампании,False,19.76,0.06,,join_key
s_grnplm_ld_salesntwrk_pcap_sn_uzp,uzp_dwh_sale_funnel_task,is_task_closed,boolean,False,Признак закрытия задачи,False,100.0,0.0,True|False,flag
s_grnplm_ld_salesntwrk_pcap_sn_uzp,uzp_dwh_sale_funnel_task,is_task_closed_success,boolean,False,Признак успешного закрытия задачи,False,100.0,0.0,False|True,flag
s_grnplm_ld_salesntwrk_pcap_sn_uzp,uzp_dwh_sale_funnel_task,is_task_in_progress,boolean,False,Признак - задача выполняется,False,100.0,0.0,False|True,flag
s_grnplm_ld_salesntwrk_pcap_sn_uzp,uzp_dwh_sale_funnel_task,task_text_status,character varying,False,Текстовый статус по отработке задачи,False,100.0,0.01,Закрыта: Своевременно|Закрыта|Закрыта: С просрочкой|Не закрыта: Просрочена|Не закрыта,enum_like
s_grnplm_ld_salesntwrk_pcap_sn_uzp,uzp_dwh_sale_funnel_task,unrealized_deal_potential,integer,False,Нереализованный потенциал по сделке,False,43.84,0.26,,join_key
s_grnplm_ld_salesntwrk_pcap_sn_uzp,uzp_dwh_sale_funnel_task,deal_code,character varying,False,Код сделки,False,43.84,43.84,,join_key
s_grnplm_ld_salesntwrk_pcap_sn_uzp,uzp_dwh_sale_funnel_task,deal_create_dttm,timestamp without time zone,False,Дата и время создания сделки,False,43.84,43.84,,date
s_grnplm_ld_salesntwrk_pcap_sn_uzp,uzp_dwh_sale_funnel_task,plan_staff_deal_qty,integer,False,Плановое привлечение по сделке,False,100.0,0.1,,metric
s_grnplm_ld_salesntwrk_pcap_sn_uzp,uzp_dwh_sale_funnel_task,fact_staff_deal_qty,integer,False,Фактическое привлечение по сделке,False,100.0,0.16,,metric
s_grnplm_ld_salesntwrk_pcap_sn_uzp,uzp_dwh_sale_funnel_task,task_text,character varying,False,Текст задачи,False,97.52,28.67,,label
s_grnplm_ld_salesntwrk_pcap_sn_uzp,uzp_dwh_sale_funnel_task,task_comment,character varying,False,Комментарий по задаче,False,67.83,22.16,,label
s_grnplm_ld_salesntwrk_pcap_sn_uzp,uzp_dwh_sale_funnel_task,task_questionnaire,character varying,False,Анкета по задаче,False,9.84,4.13,,label
s_grnplm_ld_salesntwrk_pcap_sn_uzp,uzp_dwh_sale_funnel_task,is_escalation_need,boolean,False,Признак запроса на эскалацию в задаче,False,0.05,0.0,False|True,flag
s_grnplm_ld_salesntwrk_pcap_sn_uzp,uzp_dwh_sale_funnel_task,src_update_dttm,timestamp without time zone,False,Дата-время обновления источника,False,100.0,0.0,2026-07-03 04:00:57.978001,date
s_grnplm_ld_salesntwrk_pcap_sn_uzp,uzp_dwh_sale_funnel_task,update_dttm,timestamp without time zone,False,Дата-время обновления,False,100.0,0.0,2026-07-03 08:00:27.499803,date
s_grnplm_ld_salesntwrk_pcap_sn_uzp,uzp_dim_gosb,tb_id,integer,False,Номер ТБ,True,100.0,6.63,44|38|2|54|42|52|13|40|70|18|55|16,join_key
s_grnplm_ld_salesntwrk_pcap_sn_uzp,uzp_dim_gosb,tb_short_name,text,False,Краткое наименование ТБ,False,100.0,6.63,СибБ|МБ|ЦА|ПБ|ВВБ|ЮЗБ|ЦЧБ|СРБ|ДВБ|ББ|СЗБ|УБ,enum_like
s_grnplm_ld_salesntwrk_pcap_sn_uzp,uzp_dim_gosb,tb_full_name,text,False,Полное наименование ТБ,False,100.0,6.63,Сибирский банк|Московский банк|Центральный аппарат|Поволжский банк|Волго-Вятский банк|Юго-Западный банк|Центрально-Черноземный банк|Среднерусский банк|Дальневосточный банк|Байкальский банк|Северо-Западный банк|Уральский банк,enum_like
s_grnplm_ld_salesntwrk_pcap_sn_uzp,uzp_dim_gosb,old_gosb_name,text,False,Старое наименование ГОСБ,False,100.0,84.53,,free_text
s_grnplm_ld_salesntwrk_pcap_sn_uzp,uzp_dim_gosb,old_gosb_id,integer,False,Старый номер ГОСБ,True,100.0,98.9,,join_key
s_grnplm_ld_salesntwrk_pcap_sn_uzp,uzp_dim_gosb,new_gosb_name,text,False,Новое наименование ГОСБ,False,100.0,57.46,,label
s_grnplm_ld_salesntwrk_pcap_sn_uzp,uzp_dim_gosb,new_gosb_id,integer,False,Новый номер ГОСБ,False,100.0,58.01,,join_key
s_grnplm_ld_salesntwrk_pcap_sn_uzp,uzp_dim_gosb,isu_branch_id,bigint,False,Номер филиала для ИСУ,False,80.66,54.14,,join_key
s_grnplm_ld_salesntwrk_pcap_sn_uzp,uzp_dim_gosb,isu_branch_name,text,False,Наименование филиала для ИСУ,False,100.0,57.46,,label
s_grnplm_ld_salesntwrk_pcap_sn_uzp,uzp_dim_gosb,web_gosb_id,integer,False,Номер ГОСБ,False,96.69,59.12,,join_key
s_grnplm_ld_salesntwrk_pcap_sn_uzp,uzp_dim_gosb,pirs_gosb_id,bigint,False,Номер ГОСБ в АС ПИРС,False,97.24,51.93,,join_key
s_grnplm_ld_salesntwrk_pcap_sn_uzp,uzp_dim_gosb,pirs_gosb_name,text,False,Наименование ГОСБ в АС ПИРС,False,100.0,52.49,,label
s_grnplm_ld_salesntwrk_pcap_sn_uzp,uzp_dim_gosb,utc_timezone,smallint,False,Часовой пояс UTC,False,100.0,6.08,7|3|5|11|8|9|4|10|12|2|6,join_key
s_grnplm_ld_salesntwrk_pcap_sn_uzp,uzp_dim_gosb,timezone_violation_msk,smallint,False,Отклонение часового пояса от МСК,False,100.0,6.08,4|0|2|8|5|6|1|7|9|-1|3,join_key
s_grnplm_ld_salesntwrk_pcap_sn_uzp,uzp_dim_gosb,region_id,smallint,False,Идентификатор региона,False,61.33,45.3,,join_key
s_grnplm_ld_salesntwrk_pcap_sn_uzp,uzp_dim_gosb,region_name,character varying,False,Наименование региона,False,100.0,45.86,,label
s_grnplm_ld_salesntwrk_pcap_sn_uzp,uzp_dim_gosb,inserted_dttm,timestamp without time zone,False,Дата и время добавления записи,False,100.0,0.55,2025-07-10 15:45:10,date
s_grnplm_ld_salesntwrk_pcap_sn_uzp,uzp_dim_gosb,author_login,text,False,Логин автора записи,False,100.0,0.55,03496217 (Шмаков Сергей Андреевич [Shmakov.Se.An@omega.sbrf.ru]),enum_like
s_grnplm_ld_salesntwrk_pcap_sn_uzp,uzp_dwh_fact_outflow,report_dt,date,False,Отчетная дата,True,100.0,0.05,,date
s_grnplm_ld_salesntwrk_pcap_sn_uzp,uzp_dwh_fact_outflow,tb_id,smallint,False,Идентификатор ТБ,False,100.0,0.01,42|70|40|18|16|44|13|38|54|52|55,join_key
s_grnplm_ld_salesntwrk_pcap_sn_uzp,uzp_dwh_fact_outflow,gosb_id,integer,False,Идентификатор ГОСБ,True,100.0,0.1,,join_key
s_grnplm_ld_salesntwrk_pcap_sn_uzp,uzp_dwh_fact_outflow,inn,bigint,False,ИНН,True,100.0,90.43,,join_key
s_grnplm_ld_salesntwrk_pcap_sn_uzp,uzp_dwh_fact_outflow,segment_name,character varying,False,Наименование сегмента,False,100.0,0.0,,enum_like
s_grnplm_ld_salesntwrk_pcap_sn_uzp,uzp_dwh_fact_outflow,is_force,boolean,False,Признак силовой организации,False,100.0,0.0,False|True,flag
s_grnplm_ld_salesntwrk_pcap_sn_uzp,uzp_dwh_fact_outflow,mzp_fio,character varying,False,ФИО закрепленного МЗП,False,100.0,2.17,,label
s_grnplm_ld_salesntwrk_pcap_sn_uzp,uzp_dwh_fact_outflow,saphr_id,bigint,False,Табельный номер закрепленного МЗП,False,28.21,2.15,,join_key
s_grnplm_ld_salesntwrk_pcap_sn_uzp,uzp_dwh_fact_outflow,calc_fl_qty,integer,False,"Расчетное количество получателей при расчета Оттока. Обозначается как минимальное кол-во получателей за периоды T-1, T-2, T-12",False,100.0,0.38,,metric
s_grnplm_ld_salesntwrk_pcap_sn_uzp,uzp_dwh_fact_outflow,prev_m_overflow_qty,integer,False,"Кол-во ФЛ, перешедших получать ЗП в другую организацию, но оставшихся ЗП клиентами СБЕРа",False,100.0,0.0,0,metric
s_grnplm_ld_salesntwrk_pcap_sn_uzp,uzp_dwh_fact_outflow,plan_payee_qty,integer,False,Плановое количество получателей начислений,False,100.0,0.38,,metric
s_grnplm_ld_salesntwrk_pcap_sn_uzp,uzp_dwh_fact_outflow,fact_payee_qty,integer,False,Фактическое количество получателей начислений,False,100.0,0.31,,metric
s_grnplm_ld_salesntwrk_pcap_sn_uzp,uzp_dwh_fact_outflow,outflow_qty,integer,False,Кол-во ФЛ переставших быть ЗП клиентами СБЕРа,False,100.0,0.21,,metric
s_grnplm_ld_salesntwrk_pcap_sn_uzp,uzp_dwh_fact_outflow,outflow_perc,numeric,False,Доля оттока,False,100.0,0.1,,metric
s_grnplm_ld_salesntwrk_pcap_sn_uzp,uzp_dwh_fact_outflow,other_inn_emp_perc,numeric,False,Доля сотрудников получивших выплаты в других ИНН,False,100.0,0.0,0.0000,metric
s_grnplm_ld_salesntwrk_pcap_sn_uzp,uzp_dwh_fact_outflow,m_avg_salary_amt,numeric,False,Средняя зарплата в отчетный месяц,False,100.0,32.77,,metric
s_grnplm_ld_salesntwrk_pcap_sn_uzp,uzp_dwh_fact_outflow,prev_m_avg_salary_amt,numeric,False,Средняя зарплата в предыдущий месяц,False,100.0,75.04,,metric
s_grnplm_ld_salesntwrk_pcap_sn_uzp,uzp_dwh_fact_outflow,next_m_avg_salary_amt,numeric,False,Средняя зарплата в следующий месяц,False,100.0,17.72,,metric
s_grnplm_ld_salesntwrk_pcap_sn_uzp,uzp_dwh_fact_outflow,prev_m_fl_val,integer,False,Численность ФЛ в предыдущий месяц,False,100.0,0.42,,metric
s_grnplm_ld_salesntwrk_pcap_sn_uzp,uzp_dwh_fact_outflow,next_m_fl_val,integer,False,Численность ФЛ в следующий месяц,False,100.0,0.25,,metric
s_grnplm_ld_salesntwrk_pcap_sn_uzp,uzp_dwh_fact_outflow,is_task,boolean,False,Признак выставленной задачи,False,100.0,0.0,False|True,flag
s_grnplm_ld_salesntwrk_pcap_sn_uzp,uzp_dwh_fact_outflow,client_communication_infopovod,character varying,False,Инфоповод для общения с клиентами,False,100.0,2.9,,label
s_grnplm_ld_salesntwrk_pcap_sn_uzp,uzp_dwh_fact_outflow,is_oktmo,boolean,False,Признак ОКТМО организации (принадлежит ГОСБ эмиссии карт),False,100.0,0.0,True|False,flag
s_grnplm_ld_salesntwrk_pcap_sn_uzp,uzp_dwh_fact_outflow,oktmo_subject_code,character varying,False,Код субъекта РФ согласно справочнику ОКТМО,False,100.0,0.1,,join_key
s_grnplm_ld_salesntwrk_pcap_sn_uzp,uzp_dwh_fact_outflow,oktmo_subject_district_code,character varying,False,"Код субъекта РФ, муниципального района или округа согласно справочнику ОКТМО",False,100.0,3.53,,join_key
s_grnplm_ld_salesntwrk_pcap_sn_uzp,uzp_dwh_fact_outflow,oktmo_subject_district_city_code,character varying,False,"Код ОКТМО субъекта РФ, муниципального района или округа, городского или сельского поселения согласно справочнику ОКТМО",False,100.0,7.55,,join_key
s_grnplm_ld_salesntwrk_pcap_sn_uzp,uzp_dwh_fact_outflow,oktmo,character varying,False,Код ОКТМО,False,100.0,9.59,,join_key
s_grnplm_ld_salesntwrk_pcap_sn_uzp,uzp_dwh_fact_outflow,inserted_dttm,timestamp without time zone,False,Дата и время добавления записи,False,100.0,0.0,2026-03-04 17:37:27,date
s_grnplm_ld_salesntwrk_pcap_sn_uzp,uzp_dwh_fact_outflow,author_login,text,False,Логин автора записи,False,100.0,0.0,22241506 (Ямщиков Владислав Александрович [VAYamshchikov@omega.sbrf.ru]),enum_like
s_grnplm_ld_salesntwrk_pcap_sn_uzp,uzp_data_payroll_m,acc_num,text,False,Номер счета,True,100.0,99.93,,free_text
s_grnplm_ld_salesntwrk_pcap_sn_uzp,uzp_data_payroll_m,acc_open_dt,date,False,Дата открытия счета,False,98.34,7.7,,date
s_grnplm_ld_salesntwrk_pcap_sn_uzp,uzp_data_payroll_m,acc_subtype,smallint,False,Подтип кода счета,False,65.66,0.03,,join_key
s_grnplm_ld_salesntwrk_pcap_sn_uzp,uzp_data_payroll_m,acc_type,smallint,False,Тип агрегирования по периодам SUM->сумма/AVG->средневзешенное/LAST->последний период,False,65.66,0.02,53.0|52.0|50.0|54.0|51.0|34.0|1.0|48.0|61.0|301.0|92.0|98.0|31.0|93.0|96.0|55.0|303.0|39.0|310.0,join_key
s_grnplm_ld_salesntwrk_pcap_sn_uzp,uzp_data_payroll_m,actual_client_tid,bigint,False,Актуальный идентификатор клиента,False,55.88,54.63,,metric
s_grnplm_ld_salesntwrk_pcap_sn_uzp,uzp_data_payroll_m,amt,numeric,False,Сумма транзакции,False,100.0,76.78,,metric
s_grnplm_ld_salesntwrk_pcap_sn_uzp,uzp_data_payroll_m,client_category,smallint,False,Категория клиента,False,30.22,0.01,207.0|0.0|222.0|219.0|211.0|216.0|218.0|206.0|217.0|212.0|208.0|210.0|213.0|215.0|1.0,join_key
s_grnplm_ld_salesntwrk_pcap_sn_uzp,uzp_data_payroll_m,company_name,text,False,"Наименование компании, заключившей ЗП договор",False,99.97,43.38,,label
s_grnplm_ld_salesntwrk_pcap_sn_uzp,uzp_data_payroll_m,document_info_sha1,bigint,False,Номер паспорта клиента(закодирован),False,60.07,60.02,,metric
s_grnplm_ld_salesntwrk_pcap_sn_uzp,uzp_data_payroll_m,agrmnt_dt,date,False,Дата заключения договора,False,88.23,5.22,,date
s_grnplm_ld_salesntwrk_pcap_sn_uzp,uzp_data_payroll_m,agrmnt_num,text,False,Номер договора,False,89.3,29.34,,label
s_grnplm_ld_salesntwrk_pcap_sn_uzp,uzp_data_payroll_m,enrollment_transcription,text,False,Вид зачисления,False,50.76,0.08,,label
s_grnplm_ld_salesntwrk_pcap_sn_uzp,uzp_data_payroll_m,enrollment_type,smallint,False,Тип зачисления,False,100.0,0.07,,join_key
s_grnplm_ld_salesntwrk_pcap_sn_uzp,uzp_data_payroll_m,epk_id,bigint,False,Идентификатор ЕПК,False,99.95,99.79,,join_key
s_grnplm_ld_salesntwrk_pcap_sn_uzp,uzp_data_payroll_m,gosb_id,integer,False,ГОСБ,False,97.44,0.1,,join_key
s_grnplm_ld_salesntwrk_pcap_sn_uzp,uzp_data_payroll_m,sys_gosb_id,integer,False,Системный номер ГОСБ,False,100.0,0.11,,join_key
s_grnplm_ld_salesntwrk_pcap_sn_uzp,uzp_data_payroll_m,inn,text,False,ИНН,False,100.0,32.75,,join_key
s_grnplm_ld_salesntwrk_pcap_sn_uzp,uzp_data_payroll_m,inn_parsing,text,False,ИНН,False,0.07,0.05,,join_key
s_grnplm_ld_salesntwrk_pcap_sn_uzp,uzp_data_payroll_m,ipt_name,text,False,Системный номер ОСБ,False,78.51,0.01,VISA|MIR|MASTERCARD|Sber|ПРО100,enum_like
s_grnplm_ld_salesntwrk_pcap_sn_uzp,uzp_data_payroll_m,sys_osb_id,integer,False,Номер ОСБ,False,100.0,0.11,,join_key
s_grnplm_ld_salesntwrk_pcap_sn_uzp,uzp_data_payroll_m,card_type,text,False,Тип карты,False,78.51,0.05,,label
s_grnplm_ld_salesntwrk_pcap_sn_uzp,uzp_data_payroll_m,modified_dttm,timestamp without time zone,False,Дата-время изменения записи,False,100.0,0.09,,date
s_grnplm_ld_salesntwrk_pcap_sn_uzp,uzp_data_payroll_m,report_dt,date,False,Отчетная дата,True,100.0,0.09,,date
s_grnplm_ld_salesntwrk_pcap_sn_uzp,uzp_data_payroll_m,tb_id,smallint,False,ТБ,False,97.44,0.01,55.0|52.0|16.0|40.0|42.0|67.0|38.0|70.0|44.0|13.0|18.0|54.0|49.0|77.0,join_key
s_grnplm_ld_salesntwrk_pcap_sn_uzp,uzp_data_payroll_m,sys_tb_id,smallint,False,Системный номер ТБ,False,100.0,0.01,55|52|16|40|42|67|38|70|44|13|18|54,join_key
s_grnplm_ld_salesntwrk_pcap_sn_uzp,uzp_data_payroll_m,transaction_qty,smallint,False,Количество транзакций,False,100.0,0.04,,metric
s_grnplm_ld_salesntwrk_pcap_sn_uzp,uzp_data_payroll_m,untb,bigint,False,Количество транзакций,False,59.16,59.08,,metric
s_grnplm_ld_salesntwrk_pcap_sn_uzp,uzp_data_payroll_m,vsp_id,integer,False,ВСП,False,97.26,1.86,,join_key
s_grnplm_ld_salesntwrk_pcap_sn_uzp,uzp_data_payroll_m,sys_vsp_id,integer,False,ВСП (числовой),False,99.82,1.86,,join_key
s_grnplm_ld_salesntwrk_pcap_sn_uzp,uzp_data_payroll_m,report_id,bigint,False,Идентификатор отчета(ЮЛ),False,2.55,1.34,,join_key
s_grnplm_ld_salesntwrk_pcap_sn_uzp,uzp_data_payroll_m,is_security_force,boolean,False,Признак силовой структуры,False,2.56,0.0,False|True,flag
s_grnplm_ld_salesntwrk_pcap_sn_uzp,uzp_data_payroll_m,segment_name,text,False,Наименование сегмента клиента (ЮЛ),False,2.56,0.01,Средний бизнес|Государственный сектор|Микробизнес|Крупнейший бизнес|Клиенты машиностроения|Малый бизнес|Крупный бизнес|ККСБ - Прочие,enum_like
s_grnplm_ld_salesntwrk_pcap_sn_uzp,uzp_data_payroll_m,enrollment_kind_descr,text,False,Описание рода выплаты (Основные/Прочие),False,2.56,0.0,Основные|Прочие,enum_like
s_grnplm_ld_salesntwrk_pcap_sn_uzp,uzp_data_payroll_m,market_share_flag_name,text,False,Наименование признака участия в доле рынка,False,2.56,0.01,Участвует в доле рынка ФОТ|Прочее|ИП 1 чел.|ГПХ|Силовики|Студенты|СМЗ,enum_like
s_grnplm_ld_salesntwrk_pcap_sn_uzp,uzp_data_payroll_m,src_system_name,text,False,Наименование системы источника,False,2.56,0.01,ППРБ РСР|Юпитер|ППРБ РБ Переводы (СБП)|ПКАП1153|ППРБ РБР|Платформа Процессинга|ППРБ MassPayments|ППРБ Процессы ИП ЮЛ|ППРБ РПП,enum_like
s_grnplm_ld_salesntwrk_pcap_sn_uzp,uzp_dwh_company_holding_metric,report_dt,date,False,Отчетная дата,True,100.0,0.01,2025-06-30|2025-07-31|2025-12-31|2025-05-31|2026-02-28|2026-05-31|2025-09-30|2025-10-31|2026-03-31|2025-11-30|2026-01-31|2026-04-30|2025-08-31,date
s_grnplm_ld_salesntwrk_pcap_sn_uzp,uzp_dwh_company_holding_metric,level_name,character varying,False,Уровень загрузки данных,False,100.0,0.0,gosb|tb|sb,enum_like
s_grnplm_ld_salesntwrk_pcap_sn_uzp,uzp_dwh_company_holding_metric,level_id,integer,False,Значение уровня загрузки данных,True,100.0,0.1,,join_key
s_grnplm_ld_salesntwrk_pcap_sn_uzp,uzp_dwh_company_holding_metric,org_type,character varying,False,Тип организации,False,100.0,0.0,inn,enum_like
s_grnplm_ld_salesntwrk_pcap_sn_uzp,uzp_dwh_company_holding_metric,org_id,bigint,False,Идентификатор организации,True,100.0,94.57,,join_key
s_grnplm_ld_salesntwrk_pcap_sn_uzp,uzp_dwh_company_holding_metric,ul_outflow_qty,bigint,False,Кол-во оттока ЮЛ,False,100.0,0.01,0|1|4|2|3|6|11,metric
s_grnplm_ld_salesntwrk_pcap_sn_uzp,uzp_dwh_company_holding_metric,fl_outflow_qty,bigint,False,Кол-во оттока ФЛ,False,100.0,0.08,,metric
s_grnplm_ld_salesntwrk_pcap_sn_uzp,uzp_dwh_company_holding_metric,fot_outflow_amt,numeric,False,Кол-во оттока ФОТ,False,100.0,1.01,,metric
s_grnplm_ld_salesntwrk_pcap_sn_uzp,uzp_dwh_company_holding_metric,current_fot_amt,numeric,False,Кол-во текущего ФОТ,False,100.0,67.96,,metric
s_grnplm_ld_salesntwrk_pcap_sn_uzp,uzp_dwh_company_holding_metric,fot_y_1_diff_amt,numeric,False,Изменение ФОТ год к году (атрибут current_fot_amt год к году),False,100.0,81.22,,metric
s_grnplm_ld_salesntwrk_pcap_sn_uzp,uzp_dwh_company_holding_metric,current_fl_qty,bigint,False,Кол-во текущих ФЛ получателей зп,False,100.0,0.74,,metric
s_grnplm_ld_salesntwrk_pcap_sn_uzp,uzp_dwh_company_holding_metric,fl_y_1_diff_qty,bigint,False,Изменение ФЛ год к году (атрибут current_fl_qty год к году),False,100.0,0.48,,metric
s_grnplm_ld_salesntwrk_pcap_sn_uzp,uzp_dwh_company_holding_metric,emp_potential_qty,numeric,False,Потенциал сотрудников,False,100.0,13.63,,metric
s_grnplm_ld_salesntwrk_pcap_sn_uzp,uzp_dwh_company_holding_metric,fot_potential_amt,numeric,False,Потенциал ФОТ,False,100.0,31.67,,metric
s_grnplm_ld_salesntwrk_pcap_sn_uzp,uzp_dwh_company_holding_metric,total_emp_qty,numeric,False,Общее количество сотрудников,False,100.0,12.69,,metric
s_grnplm_ld_salesntwrk_pcap_sn_uzp,uzp_dwh_company_holding_metric,zp_fl_perc,numeric,False,Доля получателей зп (считается как current_fl_qty/total_emp_qty),False,100.0,7.5,,metric
s_grnplm_ld_salesntwrk_pcap_sn_uzp,uzp_dwh_company_holding_metric,new_fl_cnt,bigint,False,Кол-во новых ФЛ,False,100.0,0.11,,metric
s_grnplm_ld_salesntwrk_pcap_sn_uzp,uzp_dwh_company_holding_metric,np_cnt,bigint,False,Количество НП,False,100.0,0.08,,metric
s_grnplm_ld_salesntwrk_pcap_sn_uzp,uzp_dwh_company_holding_metric,new_fl_cnt_next_month,bigint,False,Кол-во Новых ФЛ в следующем месяце,False,100.0,0.12,,metric
s_grnplm_ld_salesntwrk_pcap_sn_uzp,uzp_dwh_company_holding_metric,np_cnt_next_month,bigint,False,Количество НП в следующем месяце,False,100.0,0.08,,metric
s_grnplm_ld_salesntwrk_pcap_sn_uzp,uzp_dwh_company_holding_metric,pu_sber1_available_cnt,bigint,False,Всего доступно ПУ Сбер1,False,100.0,0.02,0|1|3|4|2|8|11|6|5|14|16|7|31|12|9|13|10|15|28|23|19|33,metric
s_grnplm_ld_salesntwrk_pcap_sn_uzp,uzp_dwh_company_holding_metric,pu_sber1_give_cnt,bigint,False,Назначено ПУ Сбер1,False,100.0,0.02,0|1|3|4|2|5|11|6|14|8|16|7|31|12|9|10|15|27|21|19|33,metric
s_grnplm_ld_salesntwrk_pcap_sn_uzp,uzp_dwh_company_holding_metric,pu_premier_available_cnt,bigint,False,Всего доступно ПУ СберПремьер,False,100.0,0.04,,metric
s_grnplm_ld_salesntwrk_pcap_sn_uzp,uzp_dwh_company_holding_metric,pu_premier_give_cnt,bigint,False,Назначено ПУ СберПремьер,False,100.0,0.04,,metric
s_grnplm_ld_salesntwrk_pcap_sn_uzp,uzp_dwh_company_holding_metric,pu_praim_available_cnt,bigint,False,Всего доступно ПУ СберПрайм,False,100.0,0.01,0|3|1|10|7|4|5|50|2,metric
s_grnplm_ld_salesntwrk_pcap_sn_uzp,uzp_dwh_company_holding_metric,pu_praim_give_cnt,bigint,False,Назначено ПУ СберПрайм,False,100.0,0.01,0|3|10|7|4|9|1|2,metric
s_grnplm_ld_salesntwrk_pcap_sn_uzp,uzp_dwh_company_holding_metric,pu_praim_mass_available_cnt,bigint,False,Всего доступно ПУ СберПрайм масс,False,100.0,0.0,0,metric
s_grnplm_ld_salesntwrk_pcap_sn_uzp,uzp_dwh_company_holding_metric,pu_praim_mass_give_cnt,bigint,False,Назначено ПУ СберПрайм масс,False,100.0,0.0,0,metric
s_grnplm_ld_salesntwrk_pcap_sn_uzp,uzp_dwh_company_holding_metric,pu_praim_plus_available_cnt,bigint,False,Всего доступно ПУ СберПрайм+,False,100.0,0.01,0|4|1|6|2|13,metric
s_grnplm_ld_salesntwrk_pcap_sn_uzp,uzp_dwh_company_holding_metric,pu_praim_plus_give_cnt,bigint,False,Назначено ПУ СберПрайм+,False,100.0,0.0,0|1|2,metric
s_grnplm_ld_salesntwrk_pcap_sn_uzp,uzp_dwh_company_holding_metric,pu_consumer_loan_available_cnt,bigint,False,Всего доступно ПУ Потребительский кредит,False,100.0,0.0,0,metric
s_grnplm_ld_salesntwrk_pcap_sn_uzp,uzp_dwh_company_holding_metric,pu_consumer_loan_give_cnt,bigint,False,Назначено ПУ Потребительский кредит,False,100.0,0.0,0,metric
s_grnplm_ld_salesntwrk_pcap_sn_uzp,uzp_dwh_company_holding_metric,modified_dttm,timestamp without time zone,False,Дата и время актуальности данных,False,100.0,0.0,2026-07-03 08:01:02.744922,date
s_grnplm_ld_salesntwrk_pcap_sn_t_uzp,yva_date_fl_market_analysis,company_name,text,False,Название компании,False,100.0,78.63,,label
s_grnplm_ld_salesntwrk_pcap_sn_t_uzp,yva_date_fl_market_analysis,inn,bigint,False,ИНН компании,True,100.0,88.1,,join_key
s_grnplm_ld_salesntwrk_pcap_sn_t_uzp,yva_date_fl_market_analysis,gosb_name,text,False,Название ГОСБ,True,100.0,0.09,,label
s_grnplm_ld_salesntwrk_pcap_sn_t_uzp,yva_date_fl_market_analysis,holding_name,character varying,False,Название холдинга,False,73.38,39.64,,label
s_grnplm_ld_salesntwrk_pcap_sn_t_uzp,yva_date_fl_market_analysis,segment_name_bp,text,False,Сегмент,False,100.0,0.01,ММБ|КСБ|КФИ|РГС|СКМ,enum_like
s_grnplm_ld_salesntwrk_pcap_sn_t_uzp,yva_date_fl_market_analysis,fl_26_qty,numeric,False,"ФЛ, входящие в долю рынка ФЛ за 2026 год",False,100.0,0.77,,metric
s_grnplm_ld_salesntwrk_pcap_sn_t_uzp,yva_date_fl_market_analysis,fl_25_qty,numeric,False,"ФЛ, входящие в долю рынка ФЛ за 2025 год",False,100.0,0.76,,metric
s_grnplm_ld_salesntwrk_pcap_sn_t_uzp,yva_date_fl_market_analysis,diff_fl_26_25_qty,numeric,False,Разница в количестве физлиц между 2026 и 2025 годами,False,100.0,0.4,,metric
s_grnplm_ld_salesntwrk_pcap_sn_t_uzp,yva_date_fl_market_analysis,fl_unic_25_qty,numeric,False,"Кол-во ФЛ, учтенных в КПЭ в 2025 году",False,99.57,0.79,,metric
s_grnplm_ld_salesntwrk_pcap_sn_t_uzp,yva_date_fl_market_analysis,fl_unic_26_qty,numeric,False,"Кол-во ФЛ, учтенных в КПЭ 2026 году",False,99.57,0.78,,metric
s_grnplm_ld_salesntwrk_pcap_sn_t_uzp,yva_date_fl_market_analysis,diff_fl_unic_26_25_qty,numeric,False,"Разница в ФЛ, учтенных в КПЭ между 2026 и 2025 годами",False,100.0,0.43,,metric
s_grnplm_ld_salesntwrk_pcap_sn_t_uzp,yva_date_fl_market_analysis,potential_1q_26,double precision,False,Потенциал на 1 квартал 2026 года,False,56.22,6.04,,join_key
s_grnplm_ld_salesntwrk_pcap_sn_t_uzp,yva_date_fl_market_analysis,potential_4q_25,double precision,False,Потенциал на 4 квартал 2025 года,False,56.28,6.0,,join_key
s_grnplm_ld_salesntwrk_pcap_sn_t_uzp,yva_date_fl_market_analysis,potential_3q_25,double precision,False,Потенциал на 3 квартал 2025 года,False,56.51,4.75,,join_key
s_grnplm_ld_salesntwrk_pcap_sn_t_uzp,yva_date_fl_market_analysis,fl_self_emplyeed_25_qty,numeric,False,Физлица — самозанятые за 2025 год,False,1.42,0.05,,metric
s_grnplm_ld_salesntwrk_pcap_sn_t_uzp,yva_date_fl_market_analysis,fl_gpx_25_qty,numeric,False,Физлица — ГПХ на 2025 год,False,1.49,0.05,,metric
s_grnplm_ld_salesntwrk_pcap_sn_t_uzp,yva_date_fl_market_analysis,fl_self_emplyeed_26_qty,numeric,False,Физлица — самозанятые за 2026 год,False,1.64,0.05,,metric
s_grnplm_ld_salesntwrk_pcap_sn_t_uzp,yva_date_fl_market_analysis,fl_gpx_26_qty,numeric,False,Физлица — ГПХ на 2026 год,False,1.67,0.05,,metric
s_grnplm_ld_salesntwrk_pcap_sn_t_uzp,yva_date_fl_market_analysis,task_dt,date,False,Дата задачи по организации,False,6.35,0.01,2025-09-30|2026-05-31|2026-03-31|2025-08-31|2025-11-30|2025-07-31|2026-04-30|2026-02-28|2025-12-31|2026-01-31|2025-10-31,date
s_grnplm_ld_salesntwrk_pcap_sn_t_uzp,yva_date_fl_market_analysis,last_activity_status,text,False,Статус последней активности по задаче,False,6.35,0.01,Отменена|Исполнена|Закрыта: Своевременно|Не закрыта|Отменена сотрудником|Закрыта: С просрочкой|Новая|Закрыто|Просрочена|В работе,enum_like
s_grnplm_ld_salesntwrk_pcap_sn_t_uzp,yva_date_fl_market_analysis,outflow_reason,character varying,False,Причина оттока,False,3.8,0.06,,label
